date,meantemp,humidity,wind_speed,meanpressure
2013-01-01,10.0,84.5,0.0,1015.6666666666664
2013-01-02,7.4,92.0,2.98,1017.8
2013-01-03,7.166666666666668,87.0,4.633333333333334,1018.6666666666664
2013-01-04,8.666666666666666,71.33333333333333,1.2333333333333334,1017.1666666666664
2013-01-05,6.0,86.83333333333331,3.7,1016.5
2013-01-06,7.0,82.8,1.48,1018.0
2013-01-07,7.0,78.6,6.3,1020.0
2013-01-08,8.857142857142858,63.714285714285715,7.142857142857142,1018.7142857142856
2013-01-09,14.0,51.25,12.5,1017.0
2013-01-10,11.0,62.0,7.399999999999999,1015.6666666666664
2013-01-11,15.714285714285715,51.28571428571429,10.571428571428571,1016.1428571428572
2013-01-12,14.0,74.0,13.228571428571426,1015.5714285714287
2013-01-13,15.833333333333336,75.16666666666667,4.633333333333334,1013.3333333333336
2013-01-14,12.833333333333336,88.16666666666669,0.6166666666666667,1015.1666666666664
2013-01-15,14.714285714285715,71.85714285714286,0.5285714285714286,1015.8571428571428
2013-01-16,13.833333333333336,86.66666666666669,0.0,1016.6666666666664
2013-01-17,16.5,80.83333333333333,5.250000000000001,1015.8333333333336
2013-01-18,13.833333333333336,92.16666666666669,8.950000000000003,1014.5
2013-01-19,12.5,76.66666666666667,5.883333333333333,1021.6666666666664
2013-01-20,11.285714285714285,75.28571428571429,8.471428571428572,1020.2857142857144
2013-01-21,11.2,77.0,2.22,1021.0
2013-01-22,9.5,79.66666666666667,3.083333333333333,1021.8
2013-01-23,14.0,60.16666666666666,4.016666666666667,1020.5
2013-01-24,13.833333333333336,60.66666666666666,6.166666666666668,1020.5
2013-01-25,12.25,67.0,5.55,1020.75
2013-01-26,12.666666666666664,64.16666666666667,6.8000000000000025,1019.6666666666664
2013-01-27,12.857142857142858,65.57142857142857,5.557142857142856,1018.1428571428572
2013-01-28,14.833333333333336,56.0,3.7,1017.8333333333336
2013-01-29,14.125,65.5,3.2375,1016.625
2013-01-30,14.714285714285715,70.42857142857143,1.0571428571428572,1017.8571428571428
2013-01-31,16.2,65.6,2.96,1018.4
2013-02-01,16.0,73.0,2.22,1016.0
2013-02-02,16.285714285714285,77.57142857142857,1.3285714285714287,1017.1428571428572
2013-02-03,18.0,65.57142857142857,1.8571428571428568,1015.2857142857144
2013-02-04,17.428571428571427,74.28571428571429,11.114285714285712,1014.5714285714287
2013-02-05,16.625,92.375,9.725,1016.375
2013-02-06,16.666666666666668,71.33333333333333,8.633333333333333,1018.6666666666664
2013-02-07,15.6,59.4,10.74,1018.6
2013-02-08,14.0,70.42857142857143,9.257142857142854,1017.1428571428572
2013-02-09,15.428571428571427,61.28571428571429,9.257142857142854,1016.8571428571428
2013-02-10,15.25,71.5,3.475,1017.125
2013-02-11,15.875,70.5,5.325,1016.5
2013-02-12,15.333333333333336,70.33333333333333,7.416666666666668,1017.5
2013-02-13,16.285714285714285,70.14285714285714,6.085714285714286,1016.0
2013-02-14,17.333333333333332,63.83333333333334,4.333333333333333,1014.1666666666664
2013-02-15,19.166666666666668,65.33333333333333,10.183333333333335,1011.6666666666664
2013-02-16,14.428571428571427,92.71428571428572,8.485714285714286,1008.0
2013-02-17,13.666666666666664,90.0,0.0,1012.6666666666664
2013-02-18,15.6,78.4,12.220000000000002,1016.2
2013-02-19,15.857142857142858,82.0,5.814285714285715,1015.7142857142856
2013-02-20,17.714285714285715,74.71428571428571,5.814285714285715,1017.0
2013-02-21,20.0,67.28571428571429,6.614285714285713,1015.4285714285713
2013-02-22,20.5,65.625,10.875000000000002,1016.0
2013-02-23,17.428571428571427,74.85714285714286,9.257142857142854,1017.0
2013-02-24,16.857142857142858,78.85714285714286,7.400000000000001,1018.8571428571428
2013-02-25,16.875,72.875,4.6375,1018.25
2013-02-26,17.857142857142858,70.0,17.587500000000002,1015.1428571428572
2013-02-27,20.8,57.2,6.660000000000001,1015.2
2013-02-28,19.428571428571427,52.85714285714285,12.957142857142856,1017.4285714285713
2013-03-01,17.333333333333332,49.33333333333334,24.066666666666666,1016.3333333333336
2013-03-02,19.0,54.0,15.725,1016.25
2013-03-03,19.33333333333333,62.83333333333334,8.633333333333333,1016.1666666666664
2013-03-04,17.6,71.0,5.5600000000000005,1015.8
2013-03-05,20.875,61.875,4.1625000000000005,1016.375
2013-03-06,20.857142857142858,65.28571428571429,6.871428571428572,1015.7142857142856
2013-03-07,23.42857142857143,57.14285714285714,8.728571428571428,1015.2857142857144
2013-03-08,24.16666666666667,44.83333333333334,7.1000000000000005,1014.8333333333336
2013-03-09,25.42857142857143,49.714285714285715,5.285714285714286,1009.2857142857144
2013-03-10,23.142857142857146,57.57142857142857,4.228571428571429,1008.0
2013-03-11,24.0,66.33333333333333,0.9333333333333332,1011.1666666666664
2013-03-12,23.5,62.5,4.933333333333334,1011.5
2013-03-13,21.5,70.5,5.55,1009.0
2013-03-14,22.33333333333333,61.16666666666666,12.033333333333333,1013.1666666666664
2013-03-15,24.16666666666667,45.83333333333334,7.716666666666668,1016.1666666666664
2013-03-16,20.33333333333333,67.66666666666667,3.7,1016.1666666666664
2013-03-17,22.66666666666667,58.66666666666666,8.95,1015.0
2013-03-18,23.42857142857143,58.14285714285714,17.457142857142856,1009.4285714285713
2013-03-19,22.5,73.66666666666667,10.483333333333333,1011.0
2013-03-20,29.16666666666667,36.333333333333336,6.8000000000000025,1009.5
2013-03-21,23.83333333333333,58.5,10.5,1008.3333333333336
2013-03-22,25.25,50.25,9.7125,1006.375
2013-03-23,27.375,50.125,9.95,1007.625
2013-03-24,27.0,48.75,10.8875,1010.25
2013-03-25,23.5,45.5,15.9625,1010.625
2013-03-26,24.142857142857146,44.57142857142857,12.957142857142856,1008.8571428571428
2013-03-27,21.0,62.0,1.85,1009.0
2013-03-28,22.428571428571423,62.714285714285715,7.4142857142857155,1009.5714285714287
2013-03-29,21.25,70.375,5.5500000000000025,1009.75
2013-03-30,23.5,54.75,11.1125,1008.625
2013-03-31,23.2,58.0,6.660000000000001,1008.6
2013-04-01,25.375,45.5,4.4,1008.5
2013-04-02,25.16666666666667,51.0,8.65,1009.5
2013-04-03,26.2,45.6,8.14,1009.0
2013-04-04,24.6,41.8,11.12,1007.8
2013-04-05,25.6,31.0,15.56,1007.0
2013-04-06,25.857142857142854,29.857142857142854,11.900000000000002,1006.1428571428572
2013-04-07,29.142857142857146,23.285714285714285,10.314285714285717,1005.0
2013-04-08,28.714285714285715,33.857142857142854,5.3,1006.0
2013-04-09,30.16666666666667,30.5,8.65,1005.3333333333336
2013-04-10,30.0,28.0,6.1,1006.7142857142856
2013-04-11,30.0,24.2,7.780000000000001,1006.4
2013-04-12,28.857142857142854,32.57142857142857,6.342857142857143,1007.5714285714287
2013-04-13,30.2,29.2,10.000000000000002,1008.4
2013-04-14,28.25,39.375,6.487499999999999,1007.0
2013-04-15,28.25,41.375,6.25,1003.875
2013-04-16,32.125,24.625,10.425,1000.0
2013-04-17,29.2,24.2,6.6599999999999975,1002.2
2013-04-18,30.285714285714285,30.285714285714285,4.757142857142859,1002.8571428571428
2013-04-19,28.285714285714285,31.285714285714285,3.971428571428572,1002.5714285714287
2013-04-20,30.625,29.0,7.6375,1003.375
2013-04-21,27.66666666666667,38.66666666666666,13.883333333333333,1006.8333333333336
2013-04-22,27.375,45.375,7.650000000000001,1010.0
2013-04-23,28.625,44.125,4.625000000000001,1009.875
2013-04-24,30.285714285714285,41.714285714285715,2.1142857142857143,1008.5714285714287
2013-04-25,31.142857142857146,38.285714285714285,3.7,1007.7142857142856
2013-04-26,29.875,45.875,6.7125,1008.375
2013-04-27,31.142857142857146,31.42857142857143,13.485714285714286,1007.0
2013-04-28,30.57142857142857,28.0,12.971428571428573,1005.4285714285713
2013-04-29,32.125,26.375,7.875,1004.875
2013-04-30,31.142857142857146,32.0,7.928571428571429,1004.8571428571428
2013-05-01,31.857142857142854,15.857142857142858,12.685714285714289,1002.8333333333336
2013-05-02,29.83333333333333,22.16666666666667,11.433333333333335,1001.2
2013-05-03,28.57142857142857,31.57142857142857,9.0,999.4285714285713
2013-05-04,32.857142857142854,31.42857142857143,2.914285714285714,999.0
2013-05-05,32.625,31.125,3.0125,1000.625
2013-05-06,32.75,39.25,3.7,1001.625
2013-05-07,32.875,33.25,7.1750000000000025,1002.0
2013-05-08,34.5,23.0,9.25,1001.1666666666664
2013-05-09,34.285714285714285,26.0,8.985714285714282,1000.8571428571428
2013-05-10,34.0,27.714285714285715,9.528571428571428,1000.1428571428572
2013-05-11,30.75,30.375,14.8125,999.875
2013-05-12,29.857142857142854,40.142857142857146,5.828571428571428,1003.7142857142856
2013-05-13,31.714285714285715,34.0,3.971428571428572,1003.5714285714287
2013-05-14,32.285714285714285,34.285714285714285,4.771428571428571,1001.5714285714287
2013-05-15,33.0,33.0,3.2375000000000003,999.8571428571428
2013-05-16,33.0,34.75,7.1750000000000025,998.5
2013-05-17,32.833333333333336,28.16666666666667,9.866666666666667,1000.3333333333336
2013-05-18,31.4,42.2,12.966666666666667,999.0
2013-05-19,35.333333333333336,22.33333333333333,15.749999999999998,999.6666666666664
2013-05-20,36.4,24.2,7.4,998.4
2013-05-21,36.0,19.0,11.371428571428574,998.6666666666664
2013-05-22,36.75,22.125,17.5875,998.625
2013-05-23,37.5,23.33333333333333,13.566666666666668,997.1666666666664
2013-05-24,38.42857142857143,27.42857142857143,11.385714285714286,996.4285714285713
2013-05-25,38.714285714285715,22.428571428571423,10.314285714285717,998.1428571428572
2013-05-26,37.8,21.2,10.74,998.2
2013-05-27,35.857142857142854,31.57142857142857,8.72857142857143,999.1428571428572
2013-05-28,35.333333333333336,29.0,8.333333333333334,1000.1666666666664
2013-05-29,34.142857142857146,27.857142857142854,5.557142857142859,999.4285714285713
2013-05-30,32.2,28.2,5.5600000000000005,999.6
2013-05-31,33.625,40.125,10.6375,998.7142857142856
2013-06-01,32.0,54.0,13.4375,998.75
2013-06-02,32.4,56.6,14.2,1001.0
2013-06-03,35.6,47.0,12.239999999999998,999.6
2013-06-04,35.857142857142854,42.57142857142857,5.0285714285714285,999.8571428571428
2013-06-05,37.16666666666666,36.5,9.866666666666664,998.0
2013-06-06,31.285714285714285,61.714285714285715,10.042857142857144,997.2857142857144
2013-06-07,34.0,49.25,7.412500000000001,998.0
2013-06-08,34.2,57.4,13.34,997.0
2013-06-09,36.16666666666666,40.0,11.416666666666664,995.1666666666664
2013-06-10,36.625,42.75,8.100000000000001,995.125
2013-06-11,30.16666666666667,61.66666666666666,16.349999999999998,1000.0
2013-06-12,34.142857142857146,54.14285714285714,7.4142857142857155,998.0
2013-06-13,29.83333333333333,68.66666666666667,9.866666666666664,998.6666666666664
2013-06-14,30.142857142857146,68.14285714285714,7.942857142857143,997.4285714285713
2013-06-15,30.714285714285715,65.0,13.22857142857143,997.8571428571428
2013-06-16,27.0,88.85714285714286,8.485714285714286,996.4285714285713
2013-06-17,26.875,87.375,8.3375,994.75
2013-06-18,28.4,83.6,5.18,996.4
2013-06-19,29.857142857142854,72.85714285714286,4.228571428571429,999.0
2013-06-20,33.0,52.714285714285715,4.771428571428571,997.1666666666664
2013-06-21,34.833333333333336,47.33333333333334,5.866666666666667,995.3333333333336
2013-06-22,35.6,39.4,10.74,996.2
2013-06-23,35.166666666666664,53.0,8.350000000000001,995.6666666666664
2013-06-24,33.142857142857146,55.0,13.22857142857143,996.2857142857144
2013-06-25,30.57142857142857,70.42857142857143,11.114285714285717,999.1666666666664
2013-06-26,30.66666666666667,71.5,6.4833333333333325,999.0
2013-06-27,31.42857142857143,61.85714285714285,7.957142857142856,996.7142857142856
2013-06-28,31.5,64.25,8.8125,996.0
2013-06-29,33.25,57.0,13.875,995.25
2013-06-30,32.833333333333336,52.16666666666666,10.5,997.1666666666664
2013-07-01,33.857142857142854,54.0,8.728571428571428,996.4285714285713
2013-07-02,33.142857142857146,58.28571428571429,9.8,996.0
2013-07-03,31.57142857142857,70.0,6.357142857142858,997.5714285714287
2013-07-04,32.375,67.5,9.25,997.0
2013-07-05,32.8,62.2,12.96,997.8
2013-07-06,31.0,73.14285714285714,11.37142857142857,1000.5714285714287
2013-07-07,31.16666666666667,77.33333333333333,7.1000000000000005,1000.1666666666664
2013-07-08,29.83333333333333,75.16666666666667,6.4833333333333325,997.5
2013-07-09,29.0,78.83333333333333,8.016666666666667,996.8333333333336
2013-07-10,29.75,75.375,6.4875,995.75
2013-07-11,32.5,65.5,7.116666666666667,997.3333333333336
2013-07-12,28.875,86.625,5.562500000000001,1000.0
2013-07-13,31.75,70.25,12.0625,998.875
2013-07-14,30.75,71.625,4.8125,997.375
2013-07-15,31.75,73.25,13.5375,998.375
2013-07-16,29.875,83.875,9.0,999.0
2013-07-17,31.125,78.375,8.65,998.0
2013-07-18,31.75,76.0,5.5500000000000025,995.0
2013-07-19,30.5,73.5,9.266666666666666,995.3333333333336
2013-07-20,26.83333333333333,90.66666666666669,4.933333333333334,999.1666666666664
2013-07-21,28.2,88.0,2.24,996.4
2013-07-22,29.5,80.33333333333333,4.333333333333333,996.8333333333336
2013-07-23,31.857142857142854,70.71428571428571,3.971428571428572,998.0
2013-07-24,29.714285714285715,84.14285714285714,3.971428571428572,997.1428571428572
2013-07-25,28.33333333333333,84.5,8.016666666666667,995.1666666666664
2013-07-26,30.0,73.85714285714286,5.571428571428572,995.4285714285713
2013-07-27,30.142857142857146,79.0,4.228571428571429,997.2857142857144
2013-07-28,32.285714285714285,67.42857142857143,6.085714285714286,998.1428571428572
2013-07-29,31.0,77.42857142857143,4.771428571428571,997.1428571428572
2013-07-30,30.5,75.66666666666667,8.016666666666667,996.5
2013-07-31,28.83333333333333,78.5,9.866666666666664,996.6666666666664
2013-08-01,30.0,73.5,5.5500000000000025,998.0
2013-08-02,31.57142857142857,66.42857142857143,11.114285714285717,999.4285714285713
2013-08-03,32.5,62.33333333333334,10.816666666666665,1000.8333333333336
2013-08-04,32.5,62.5,5.1,993.25
2013-08-05,29.5,77.0,6.783333333333334,1001.0
2013-08-06,27.16666666666667,90.66666666666669,4.016666666666667,1002.1666666666664
2013-08-07,28.375,85.25,3.25,1001.875
2013-08-08,28.5,84.0,6.166666666666668,1000.5
2013-08-09,27.16666666666667,87.5,3.716666666666667,1001.0
2013-08-10,29.42857142857143,79.85714285714286,6.1000000000000005,1000.3333333333336
2013-08-11,30.0,76.83333333333333,6.8000000000000025,1001.1666666666664
2013-08-12,29.5,81.5,8.350000000000001,1001.0
2013-08-13,30.75,72.0,11.125,999.25
2013-08-14,29.66666666666667,74.33333333333333,9.866666666666667,999.8333333333336
2013-08-15,27.714285714285715,85.0,8.2,1001.7142857142856
2013-08-16,26.6,92.0,4.46,1000.8
2013-08-17,27.42857142857143,91.0,14.285714285714285,999.4285714285713
2013-08-18,28.33333333333333,83.83333333333333,1.2333333333333334,1000.1666666666664
2013-08-19,28.16666666666667,84.66666666666667,5.5500000000000025,1000.5
2013-08-20,27.375,88.5,5.325,999.0
2013-08-21,28.33333333333333,81.16666666666667,10.314285714285717,999.2857142857144
2013-08-22,29.16666666666667,74.83333333333333,6.4833333333333325,1001.1666666666664
2013-08-23,31.285714285714285,73.14285714285714,2.642857142857143,1001.4285714285713
2013-08-24,32.0,71.25,18.525,1000.3333333333336
2013-08-25,29.0,90.75,0.925,998.75
2013-08-26,32.0,69.875,6.475,997.8571428571428
2013-08-27,32.142857142857146,57.28571428571429,17.071428571428573,999.8571428571428
2013-08-28,30.142857142857146,60.714285714285715,11.642857142857142,1003.7142857142856
2013-08-29,31.5,57.0,9.275,1003.25
2013-08-30,29.16666666666667,73.0,3.1,1003.5
2013-08-31,29.0,71.75,4.65,1003.25
2013-09-01,30.0,65.2,11.48,1003.2
2013-09-02,31.857142857142854,50.85714285714285,15.342857142857142,1003.7142857142856
2013-09-03,32.75,45.5,14.8,1001.5
2013-09-04,31.714285714285715,48.0,14.542857142857141,1002.1666666666664
2013-09-05,31.66666666666667,46.0,13.566666666666668,1001.5
2013-09-06,30.57142857142857,55.714285714285715,10.042857142857144,1003.4285714285713
2013-09-07,30.83333333333333,51.83333333333334,6.783333333333334,1004.1666666666664
2013-09-08,28.0,71.75,2.325,1007.25
2013-09-09,31.0,57.5,42.22,1007.0
2013-09-10,29.66666666666667,66.33333333333333,3.7,1005.3333333333336
2013-09-11,30.857142857142854,61.14285714285714,3.971428571428572,1005.5714285714287
2013-09-12,31.16666666666667,60.33333333333334,2.7833333333333337,1008.1666666666664
2013-09-13,31.142857142857146,67.14285714285714,3.171428571428572,1007.1428571428572
2013-09-14,30.5,67.0,2.7833333333333337,1003.8333333333336
2013-09-15,31.625,56.375,3.9375,1001.375
2013-09-16,29.66666666666667,60.0,7.100000000000001,1002.3333333333336
2013-09-17,29.25,56.5,3.475,1002.875
2013-09-18,29.142857142857146,58.57142857142857,5.557142857142859,1003.1428571428572
2013-09-19,29.8,61.6,2.96,1001.8
2013-09-20,28.66666666666667,70.0,9.583333333333334,1003.0
2013-09-21,25.2,89.0,5.18,1003.0
2013-09-22,28.33333333333333,79.66666666666667,3.083333333333333,1001.6666666666664
2013-09-23,30.285714285714285,68.0,4.5,1001.0
2013-09-24,30.75,65.75,5.7875000000000005,1002.75
2013-09-25,28.57142857142857,75.0,6.614285714285715,1005.4285714285713
2013-09-26,28.2,78.8,4.08,1006.6
2013-09-27,29.0,71.25,7.4125,1005.625
2013-09-28,30.0,67.33333333333333,1.2333333333333334,1005.3333333333336
2013-09-29,28.142857142857146,79.85714285714286,5.557142857142859,1003.8571428571428
2013-09-30,26.857142857142854,84.57142857142857,4.228571428571429,1004.7142857142856
2013-10-01,28.285714285714285,68.71428571428571,6.371428571428571,1007.7142857142856
2013-10-02,29.2,61.4,7.42,1010.0
2013-10-03,28.6,59.0,7.4,1008.6
2013-10-04,24.83333333333333,84.33333333333333,6.783333333333334,1007.5
2013-10-05,28.5,69.0,2.0875,1004.125
2013-10-06,29.75,66.5,1.85,1005.25
2013-10-07,29.714285714285715,66.57142857142857,1.585714285714286,1008.8571428571428
2013-10-08,29.2,69.4,0.0,1009.8
2013-10-09,30.83333333333333,65.5,5.566666666666667,1010.3333333333336
2013-10-10,29.42857142857143,66.28571428571429,3.971428571428572,1010.8571428571428
2013-10-11,23.857142857142854,89.85714285714286,4.242857142857143,1010.5714285714287
2013-10-12,26.142857142857146,82.57142857142857,2.914285714285714,1008.2857142857144
2013-10-13,27.16666666666667,84.33333333333333,0.6166666666666667,1007.6666666666664
2013-10-14,27.714285714285715,74.85714285714286,5.557142857142859,1007.0
2013-10-15,25.857142857142854,76.42857142857143,3.7,1009.1428571428572
2013-10-16,26.42857142857143,75.0,0.0,1009.0
2013-10-17,26.857142857142854,76.71428571428571,1.0571428571428572,1010.4285714285713
2013-10-18,26.33333333333333,73.16666666666667,0.0,1010.5
2013-10-19,24.57142857142857,69.57142857142857,2.1142857142857143,1011.5714285714287
2013-10-20,24.33333333333333,67.83333333333333,1.55,1010.6666666666664
2013-10-21,24.875,63.625,1.3875000000000002,1009.875
2013-10-22,27.8,53.6,0.0,1011.0
2013-10-23,25.0,67.5,1.1625,1013.625
2013-10-24,23.857142857142854,73.14285714285714,1.0571428571428572,1013.2857142857144
2013-10-25,22.8,75.8,1.86,1011.0
2013-10-26,23.0,78.2,0.74,1011.2
2013-10-27,22.875,66.875,2.5500000000000003,1010.625
2013-10-28,22.66666666666667,63.16666666666666,4.933333333333334,1010.0
2013-10-29,23.0,62.714285714285715,3.971428571428572,1011.1428571428572
2013-10-30,22.857142857142854,67.42857142857143,2.385714285714286,1012.8571428571428
2013-10-31,23.66666666666667,58.83333333333334,3.083333333333333,1012.8333333333336
2013-11-01,23.42857142857143,69.14285714285714,1.0571428571428572,1013.2857142857144
2013-11-02,21.625,65.0,4.6375,1014.5
2013-11-03,20.625,57.875,5.5625,1016.0
2013-11-04,21.166666666666668,54.16666666666666,2.466666666666667,1017.5
2013-11-05,18.83333333333333,74.33333333333333,0.0,1017.5
2013-11-06,20.571428571428573,66.71428571428571,3.1857142857142855,1015.8571428571428
2013-11-07,20.142857142857142,73.14285714285714,4.500000000000001,1015.6666666666664
2013-11-08,18.0,82.2,19.9125,1015.625
2013-11-09,19.857142857142858,73.57142857142857,0.5285714285714286,1016.7142857142856
2013-11-10,16.833333333333332,72.0,2.466666666666667,1016.0
2013-11-11,18.857142857142858,61.85714285714285,5.814285714285715,1013.4285714285713
2013-11-12,16.571428571428573,71.71428571428571,0.7999999999999999,1013.8571428571428
2013-11-13,17.75,65.0,3.0125,1014.25
2013-11-14,17.625,63.375,3.475,1015.25
2013-11-15,17.0,67.0,0.925,1016.5
2013-11-16,16.625,69.625,0.0,1018.0
2013-11-17,15.571428571428573,67.42857142857143,2.3857142857142857,1017.7142857142856
2013-11-18,18.5,55.125,7.412500000000001,1016.875
2013-11-19,17.875,63.5,7.175,1015.5
2013-11-20,18.25,58.875,2.55,1012.75
2013-11-21,17.875,66.25,2.0875,1013.125
2013-11-22,17.625,74.875,1.1625,1015.75
2013-11-23,18.142857142857142,77.85714285714286,0.7999999999999999,1014.5714285714287
2013-11-24,19.125,58.875,5.0875,1014.5
2013-11-25,21.25,49.875,9.5,1012.875
2013-11-26,21.25,51.375,9.75,1011.75
2013-11-27,19.125,68.5,2.7875,1014.75
2013-11-28,18.625,71.875,1.85,1017.75
2013-11-29,17.75,66.625,4.8625,1016.875
2013-11-30,17.875,69.625,11.8125,1015.875
2013-12-01,18.0,65.0,1.585714285714286,1016.1428571428572
2013-12-02,17.25,73.25,1.85,1015.875
2013-12-03,17.5,73.5,1.3875,1016.75
2013-12-04,17.142857142857142,71.85714285714286,4.228571428571429,1017.0
2013-12-05,17.142857142857142,69.0,6.885714285714287,1015.2857142857144
2013-12-06,16.125,72.375,3.7125,1014.0
2013-12-07,16.0,80.5,1.1625,1014.25
2013-12-08,16.5,83.625,0.0,1014.0
2013-12-09,16.125,79.25,2.3125,1013.5
2013-12-10,15.5,81.75,2.55,1013.75
2013-12-11,16.625,71.875,6.475000000000001,1014.125
2013-12-12,17.75,62.375,16.9,1012.5
2013-12-13,17.142857142857142,67.71428571428571,11.62857142857143,1012.0
2013-12-14,16.142857142857142,79.0,0.7999999999999999,1012.5714285714287
2013-12-15,15.5,86.25,2.55,1015.125
2013-12-16,15.25,89.5,1.1625,1015.625
2013-12-17,14.75,92.875,0.925,1014.25
2013-12-18,14.875,93.0,2.0875,1012.625
2013-12-19,16.125,89.125,3.25,1012.875
2013-12-20,15.375,91.375,4.4125000000000005,1016.0
2013-12-21,14.75,94.0,0.4625,1017.0
2013-12-22,15.25,94.0,1.3875000000000002,1018.375
2013-12-23,14.25,88.25,9.025,1020.5
2013-12-24,13.5,84.75,5.7875000000000005,1021.375
2013-12-25,13.666666666666664,63.16666666666666,34.4875,1020.625
2013-12-26,12.125,67.625,4.4,1019.25
2013-12-27,11.875,79.875,1.1625,1018.625
2013-12-28,10.875,70.0,5.325,1019.25
2013-12-29,10.571428571428571,69.42857142857143,5.325,1018.5
2013-12-30,12.375,79.5,6.4750000000000005,1018.125
2013-12-31,14.5,89.375,4.862500000000002,1020.5
2014-01-01,13.375,89.625,7.65,1021.0
2014-01-02,11.0,78.375,8.1,1020.25
2014-01-03,12.5,74.875,5.325,1017.75
2014-01-04,12.875,88.125,1.1625,1016.25
2014-01-05,12.375,89.0,0.4625,1014.5
2014-01-06,11.428571428571427,86.2857142857143,27.3375,1017.625
2014-01-07,12.142857142857142,72.28571428571429,20.6,1017.75
2014-01-08,11.875,76.875,1.85,1017.875
2014-01-09,12.833333333333336,83.0,1.2333333333333334,1017.0
2014-01-10,12.375,85.375,0.0,1016.625
2014-01-11,12.125,82.625,6.7250000000000005,1019.625
2014-01-12,12.875,80.875,3.2500000000000004,1020.75
2014-01-13,14.0,72.375,1.1625,1019.375
2014-01-14,14.875,76.75,2.7875,1017.0
2014-01-15,12.0,93.5,0.4625,1019.75
2014-01-16,12.285714285714285,90.57142857142857,1.585714285714286,1019.5714285714287
2014-01-17,12.0,95.75,1.1625,1017.625
2014-01-18,12.5,94.25,1.85,1020.25
2014-01-19,14.5,84.5,3.475,1023.0
2014-01-20,14.625,83.5,4.4125000000000005,1021.375
2014-01-21,13.571428571428573,96.85714285714286,7.171428571428572,1020.5714285714287
2014-01-22,15.25,96.125,6.7125,1019.875
2014-01-23,15.625,90.125,6.7125,1020.25
2014-01-24,13.875,88.875,8.1125,1019.25
2014-01-25,11.75,95.625,8.3375,1019.75
2014-01-26,14.375,85.75,8.8125,1019.125
2014-01-27,16.625,72.375,9.95,1018.75
2014-01-28,16.625,69.875,7.4125,1016.75
2014-01-29,14.875,81.875,4.625000000000001,1018.625
2014-01-30,14.5,83.25,0.925,1019.375
2014-01-31,14.75,82.5,3.0125,1019.25
2014-02-01,14.0,79.375,2.55,1019.75
2014-02-02,15.25,76.125,1.85,1016.875
2014-02-03,18.428571428571427,63.85714285714285,12.2875,1014.125
2014-02-04,18.857142857142858,65.42857142857143,13.425,1011.0
2014-02-05,17.0,72.75,1.625,1011.5
2014-02-06,18.5,65.375,6.012500000000001,1010.875
2014-02-07,19.625,67.25,15.05,1009.25
2014-02-08,13.625,85.375,8.1125,1011.375
2014-02-09,12.875,63.375,9.2625,1012.0
2014-02-10,12.625,61.75,3.7,1012.5
2014-02-11,13.375,64.625,3.7,1013.5
2014-02-12,13.25,67.0,9.2625,1013.5
2014-02-13,15.25,64.5,4.875,1013.625
2014-02-14,13.0,95.5,5.3375,1011.875
2014-02-15,12.375,89.5,3.9375,1012.875
2014-02-16,13.5,79.0,8.7875,1016.0
2014-02-17,15.125,66.125,12.725,1017.75
2014-02-18,15.25,60.125,8.799999999999997,1017.375
2014-02-19,15.125,75.375,1.85,1016.625
2014-02-20,16.125,78.625,1.8625,1014.75
2014-02-21,17.125,72.25,8.7875,1014.25
2014-02-22,16.625,85.625,6.250000000000001,1017.375
2014-02-23,16.5,80.0,7.887500000000001,1019.375
2014-02-24,16.375,69.375,5.3375,1018.625
2014-02-25,18.125,69.0,0.925,1017.25
2014-02-26,18.75,71.125,2.0875,1014.25
2014-02-27,18.625,76.625,7.1750000000000025,1013.125
2014-02-28,15.625,88.375,5.799999999999999,1013.125
2014-03-01,16.142857142857142,87.2857142857143,4.242857142857143,1015.2857142857144
2014-03-02,16.125,79.0,5.7875000000000005,1017.125
2014-03-03,17.875,65.625,3.7,1016.25
2014-03-04,18.75,66.375,3.7125,1016.5
2014-03-05,18.875,67.0,5.325000000000001,1016.125
2014-03-06,18.375,64.0,4.6375,1016.375
2014-03-07,18.5,62.875,6.7125,1017.125
2014-03-08,19.875,63.875,9.9625,1017.0
2014-03-09,22.0,56.625,7.65,1014.5
2014-03-10,20.0,63.875,10.8875,1014.375
2014-03-11,20.714285714285715,70.0,15.6,1013.7142857142856
2014-03-12,20.0,68.875,6.4875,1016.25
2014-03-13,19.0,60.625,9.95,1016.25
2014-03-14,19.625,61.25,5.8000000000000025,1015.0
2014-03-15,21.625,62.625,2.7875,1016.375
2014-03-16,23.125,58.5,6.25,1015.375
2014-03-17,26.25,52.125,6.7125,1011.25
2014-03-18,24.857142857142854,53.42857142857143,9.8,1012.8571428571428
2014-03-19,21.75,57.375,10.1875,1013.25
2014-03-20,21.5,55.0,7.4,1010.75
2014-03-21,22.5,64.75,5.3375,1007.125
2014-03-22,25.0,59.5,3.0125,1007.0
2014-03-23,22.75,61.875,9.025,1010.625
2014-03-24,22.375,73.125,9.4875,1011.625
2014-03-25,24.625,60.25,2.775,1010.5
2014-03-26,25.125,58.875,2.7750000000000004,1010.625
2014-03-27,23.5,63.25,4.8875,1011.75
2014-03-28,24.42857142857143,67.57142857142857,4.5,1011.1428571428572
2014-03-29,25.875,55.625,8.35,1011.25
2014-03-30,24.125,46.75,13.9,1009.875
2014-03-31,24.125,44.125,13.2,1008.25
2014-04-01,24.875,45.75,9.7125,1006.125
2014-04-02,26.75,43.375,7.175,1005.75
2014-04-03,25.0,48.0,10.425,1010.375
2014-04-04,25.857142857142854,47.85714285714285,11.914285714285715,1009.8571428571428
2014-04-05,27.375,44.0,9.2625,1008.875
2014-04-06,30.125,45.25,6.7125,1007.5
2014-04-07,27.25,47.625,12.9625,1009.625
2014-04-08,25.75,41.875,12.725,1010.375
2014-04-09,25.75,35.25,12.7375,1010.25
2014-04-10,26.375,29.25,12.500000000000002,1010.875
2014-04-11,28.142857142857146,29.0,10.05714285714286,1008.5714285714287
2014-04-12,29.125,39.875,5.1000000000000005,1007.125
2014-04-13,26.875,40.375,15.5125,1009.625
2014-04-14,27.625,46.625,5.3500000000000005,1010.625
2014-04-15,29.0,48.125,2.55,1009.125
2014-04-16,27.125,53.625,4.4,1008.25
2014-04-17,26.375,49.625,9.25,1007.0
2014-04-18,24.25,64.375,14.3375,1011.625
2014-04-19,25.625,57.875,5.1,1011.375
2014-04-20,27.0,48.0,4.6375,1010.5
2014-04-21,28.0,33.125,8.8125,1010.0
2014-04-22,29.375,29.375,12.5,1011.75
2014-04-23,29.125,37.0,6.025,1009.0
2014-04-24,29.375,35.875,7.875,1005.875
2014-04-25,30.625,34.375,8.1125,1006.125
2014-04-26,31.5,32.0,8.1125,1006.375
2014-04-27,30.625,30.0,8.350000000000001,1007.125
2014-04-28,31.5,27.875,10.1875,1005.625
2014-04-29,32.125,28.875,8.325,1003.875
2014-04-30,33.25,25.5,5.3375,1003.75
2014-05-01,34.875,22.5,9.7375,1001.5
2014-05-02,34.375,24.75,6.4875,1001.875
2014-05-03,31.75,33.375,6.475,1003.625
2014-05-04,31.875,34.375,5.8,1003.0
2014-05-05,29.75,53.25,9.0375,1005.75
2014-05-06,29.57142857142857,51.14285714285714,6.885714285714287,1006.8571428571428
2014-05-07,31.75,48.625,1.85,1004.25
2014-05-08,31.375,43.0,10.6625,1002.625
2014-05-09,30.5,39.625,6.4875000000000025,1000.4285714285713
2014-05-10,30.0,37.625,7.8875,1000.75
2014-05-11,29.625,40.375,7.65,1004.0
2014-05-12,28.0,53.375,10.8875,1004.875
2014-05-13,25.25,65.75,9.9625,1008.375
2014-05-14,26.875,55.25,8.575000000000001,1006.5
2014-05-15,29.5,39.875,11.125,1004.25
2014-05-16,31.125,40.25,9.4875,1003.5
2014-05-17,29.875,47.625,7.1750000000000025,1007.0
2014-05-18,31.5,35.375,13.9,1007.375
2014-05-19,32.375,29.5,11.575000000000005,1006.625
2014-05-20,31.125,34.0,7.6375,1006.625
2014-05-21,33.0,32.5,9.7125,1002.125
2014-05-22,33.25,33.375,11.1125,999.5
2014-05-23,34.625,32.75,19.450000000000006,1000.0
2014-05-24,31.5,50.5,6.725,1004.125
2014-05-25,31.5,43.25,16.4375,1005.5
2014-05-26,30.125,54.125,4.175,1007.125
2014-05-27,31.875,49.75,2.55,1004.75
2014-05-28,33.625,44.5,3.95,1001.25
2014-05-29,35.25,40.125,4.4,999.375
2014-05-30,33.125,44.5,11.5875,999.5714285714287
2014-05-31,34.625,39.0,6.4875,999.625
2014-06-01,32.75,34.25,16.2,1003.25
2014-06-02,32.75,41.375,4.6375,1003.25
2014-06-03,34.875,33.625,6.4875000000000025,1000.0
2014-06-04,35.25,33.125,7.1875,998.125
2014-06-05,36.875,26.875,8.5625,996.125
2014-06-06,37.5,27.625,10.2,994.875
2014-06-07,38.5,22.75,13.1875,994.0
2014-06-08,37.625,26.25,6.7250000000000005,993.125
2014-06-09,37.875,32.125,6.025,993.125
2014-06-10,37.25,20.875,12.0375,994.75
2014-06-11,37.625,23.125,14.8125,995.625
2014-06-12,32.875,39.25,24.325,997.0
2014-06-13,30.25,55.125,16.6625,997.625
2014-06-14,30.5,66.875,6.4875000000000025,997.375
2014-06-15,33.875,52.0,8.1,997.125
2014-06-16,36.375,41.375,10.8875,995.625
2014-06-17,36.875,42.125,15.9625,994.125
2014-06-18,33.875,58.0,10.425,994.25
2014-06-19,35.75,47.875,10.8875,993.25
2014-06-20,38.0,36.125,17.825,991.375
2014-06-21,36.875,40.125,9.7375,993.875
2014-06-22,34.5,46.75,4.4,996.375
2014-06-23,32.125,49.75,6.7125,996.25
2014-06-24,33.0,46.25,10.1875,995.5
2014-06-25,32.25,53.25,13.2,997.625
2014-06-26,32.5,60.375,3.2375,1001.0
2014-06-27,34.75,48.5,9.4875,1001.625
2014-06-28,34.875,49.0,5.7875,999.375
2014-06-29,33.0,57.75,9.7125,997.75
2014-06-30,32.0,67.75,3.25,997.5
2014-07-01,31.375,65.125,6.25,1000.875
2014-07-02,29.5,71.375,5.787500000000001,1001.125
2014-07-03,28.875,75.125,5.0875,998.2857142857144
2014-07-04,31.38888888888889,69.0,4.333333333333333,998.7777777777776
2014-07-05,34.70588235294117,52.05882352941178,9.202941176470588,1000.7058823529413
2014-07-06,30.625,61.125,3.7125,1000.5
2014-07-07,34.0,48.75,5.5625,998.25
2014-07-08,35.0,39.5,9.725,996.875
2014-07-09,36.0,37.125,13.65,996.5
2014-07-10,36.125,38.75,11.3375,996.875
2014-07-11,36.625,38.625,8.7875,996.125
2014-07-12,35.875,51.375,5.3375,996.0
2014-07-13,31.625,69.75,6.025,998.0
2014-07-14,32.375,67.875,6.725,997.125
2014-07-15,33.125,62.625,8.825000000000003,996.0
2014-07-16,32.625,63.0,10.45,997.25
2014-07-17,30.75,74.25,6.7250000000000005,996.125
2014-07-18,27.25,83.875,2.55,994.875
2014-07-19,29.875,71.0,6.25,995.125
2014-07-20,30.875,68.875,6.2624999999999975,996.75
2014-07-21,32.125,65.5,4.65,996.0
2014-07-22,31.625,69.75,7.175,997.0
2014-07-23,30.625,72.875,8.1125,997.75
2014-07-24,30.5,63.625,12.0375,998.7142857142856
2014-07-25,30.75,63.25,9.9625,1000.75
2014-07-26,32.5,61.5,7.175,1001.875
2014-07-27,31.714285714285715,65.42857142857143,6.25,1001.875
2014-07-28,30.0,75.75,18.05,999.375
2014-07-29,30.25,69.875,5.7875000000000005,999.25
2014-07-30,31.875,65.75,4.175000000000002,999.5714285714287
2014-07-31,32.5,65.75,7.425,999.625
2014-08-01,33.25,59.5,6.500000000000001,998.0
2014-08-02,30.125,77.75,0.925,997.125
2014-08-03,31.5,66.25,5.7875000000000005,995.375
2014-08-04,30.5,69.75,5.1000000000000005,996.125
2014-08-05,29.75,77.5,1.85,997.5
2014-08-06,32.125,65.0,5.5625,996.875
2014-08-07,31.125,65.375,6.9499999999999975,997.0
2014-08-08,31.0,67.875,6.012500000000001,998.375
2014-08-09,29.235294117647058,80.47058823529412,6.652941176470589,1001.6470588235294
2014-08-10,28.5,89.90625,5.2250000000000005,1002.15625
2014-08-11,31.125,72.125,3.0125,999.875
2014-08-12,32.125,57.5,8.3375,998.75
2014-08-13,32.125,57.714285714285715,20.825,998.25
2014-08-14,30.375,57.5,18.5125,997.375
2014-08-15,31.125,54.875,14.5875,998.875
2014-08-16,30.42857142857143,59.85714285714285,8.35,1002.5
2014-08-17,31.375,53.875,7.1875,1003.25
2014-08-18,31.875,56.625,5.5625,1005.375
2014-08-19,33.0,52.42857142857143,6.885714285714287,1004.8571428571428
2014-08-20,33.25,47.125,8.7875,1002.375
2014-08-21,32.5,43.0,10.8875,1001.25
2014-08-22,33.0,47.125,8.5625,1002.8571428571428
2014-08-23,33.125,45.75,9.2625,1003.25
2014-08-24,33.125,46.25,11.35,1002.875
2014-08-25,33.875,46.625,7.874999999999999,1002.375
2014-08-26,34.125,40.25,9.9625,1001.375
2014-08-27,33.857142857142854,44.714285714285715,8.112499999999999,1001.125
2014-08-28,29.625,67.75,6.7250000000000005,1003.75
2014-08-29,30.375,69.25,3.7,1003.5
2014-08-30,28.625,78.125,4.1625,1002.625
2014-08-31,27.625,86.125,4.4125,1001.25
2014-09-01,29.42857142857143,65.85714285714286,15.5125,1001.125
2014-09-02,29.25,71.0,10.425,1001.875
2014-09-03,28.625,77.875,15.0375,1001.4285714285713
2014-09-04,27.875,80.75,9.275,1000.375
2014-09-05,26.5,85.75,8.337499999999999,1000.1428571428572
2014-09-06,28.5,76.875,2.0875,1002.375
2014-09-07,31.0,67.625,1.4,1003.25
2014-09-08,31.25,66.375,3.475,1003.125
2014-09-09,31.0,70.125,1.85,1002.375
2014-09-10,28.75,77.5,4.875,1003.25
2014-09-11,26.57142857142857,85.71428571428571,17.825,1005.5714285714287
2014-09-12,28.5,73.0,1.625,1005.125
2014-09-13,29.375,68.25,4.1625,1004.0
2014-09-14,29.125,65.5,6.712500000000001,1004.25
2014-09-15,29.625,63.125,6.7125,1004.25
2014-09-16,30.625,65.125,6.25,1002.25
2014-09-17,30.625,61.875,7.4,1002.125
2014-09-18,30.5,62.375,6.7125,1003.875
2014-09-19,31.0,56.625,4.175000000000002,1003.5
2014-09-20,31.125,55.75,4.4,1002.875
2014-09-21,30.5,54.875,5.5625,1003.625
2014-09-22,30.625,50.0,13.437499999999998,1004.5
2014-09-23,31.0,47.0,30.685714285714283,1004.2857142857144
2014-09-24,29.625,53.0,8.1,1006.25
2014-09-25,30.0,52.5,9.725,1007.75
2014-09-26,30.0,52.5,5.7875,1008.125
2014-09-27,30.5,46.875,8.799999999999997,1009.25
2014-09-28,30.25,48.875,7.175,1009.625
2014-09-29,30.5,48.75,7.4125,1009.125
2014-09-30,30.625,50.125,6.712500000000001,1009.625
2014-10-01,30.42857142857143,52.85714285714285,3.171428571428572,1010.4285714285713
2014-10-02,30.375,53.375,2.7875,1009.125
2014-10-03,30.5,52.625,1.85,1008.0
2014-10-04,31.0,53.5,0.0,1008.5
2014-10-05,30.625,56.125,0.0,1010.375
2014-10-06,30.625,56.75,0.0,1010.125
2014-10-07,31.0,59.375,1.1625,1008.375
2014-10-08,28.75,52.75,3.7125,1009.875
2014-10-09,27.625,49.875,3.2375,1010.125
2014-10-10,27.125,57.375,3.2375000000000003,1008.75
2014-10-11,25.714285714285715,57.14285714285714,6.9375,1008.25
2014-10-12,26.0,58.625,0.4625,1008.375
2014-10-13,27.625,59.75,8.799999999999997,1009.875
2014-10-14,24.5,67.625,5.325000000000001,1010.875
2014-10-15,24.5,68.0,3.2625,1013.375
2014-10-16,23.0,58.875,4.862500000000002,1014.0
2014-10-17,25.0,47.66666666666666,25.0125,1013.625
2014-10-18,24.0,56.14285714285714,21.3,1012.875
2014-10-19,23.75,57.75,4.1625,1012.625
2014-10-20,24.75,55.625,4.4,1013.125
2014-10-21,25.625,56.125,2.0875,1014.625
2014-10-22,25.75,64.875,0.4625,1014.5
2014-10-23,25.25,66.0,0.925,1012.75
2014-10-24,25.5,67.5,1.85,1011.75
2014-10-25,25.25,67.125,0.925,1012.375
2014-10-26,25.125,65.5,2.0875000000000004,1014.875
2014-10-27,24.875,62.875,1.8625,1013.75
2014-10-28,25.125,64.75,2.5625,1012.0
2014-10-29,24.75,65.75,1.625,1012.125
2014-10-30,23.875,61.375,1.85,1014.5
2014-10-31,23.375,58.25,3.7125,1013.625
2014-11-01,22.5,50.875,5.325000000000001,1014.125
2014-11-02,22.875,49.125,7.1875,1014.5
2014-11-03,23.375,52.75,4.1625,1013.5
2014-11-04,23.625,56.625,3.9375,1012.125
2014-11-05,22.75,56.25,4.625,1012.375
2014-11-06,23.0,56.25,6.25,1011.625
2014-11-07,24.0,66.125,2.3125,1012.875
2014-11-08,23.875,66.25,1.625,1014.625
2014-11-09,24.125,56.375,4.1625,1015.125
2014-11-10,21.375,52.125,3.4750000000000005,1014.0
2014-11-11,19.25,55.125,2.325,1014.75
2014-11-12,19.625,52.0,2.3125,1015.875
2014-11-13,18.5,50.5,3.2375,1016.5
2014-11-14,18.375,43.0,7.4125,1016.375
2014-11-15,18.625,44.75,2.775,1014.875
2014-11-16,18.25,47.625,2.55,1015.375
2014-11-17,17.75,51.75,2.7750000000000004,1016.125
2014-11-18,17.625,53.0,2.0875,1017.875
2014-11-19,17.5,58.125,1.1625,1016.5
2014-11-20,20.375,54.625,3.0250000000000004,1013.375
2014-11-21,18.25,62.125,3.2375,1012.75
2014-11-22,19.875,58.875,1.625,1011.375
2014-11-23,17.125,57.375,1.3875,1014.625
2014-11-24,16.875,52.25,4.175000000000002,1016.0
2014-11-25,16.5,51.5,2.55,1014.875
2014-11-26,19.625,51.0,5.5500000000000025,1009.875
2014-11-27,18.125,63.875,0.0,1011.75
2014-11-28,19.375,67.375,0.0,1012.5
2014-11-29,20.25,67.625,0.0,1012.375
2014-11-30,19.75,54.75,2.55,1014.0
2014-12-01,20.0,42.625,8.799999999999997,1013.75
2014-12-02,21.375,47.625,7.875000000000001,1012.75
2014-12-03,25.0,66.57142857142857,11.37142857142857,1007.0
2014-12-04,21.25,68.875,4.862500000000002,1010.375
2014-12-05,17.75,59.875,2.55,1017.125
2014-12-06,18.25,48.875,4.8625,1016.375
2014-12-07,17.25,48.375,4.862500000000002,1014.75
2014-12-08,17.0,49.875,2.775,1015.0
2014-12-09,15.285714285714285,67.57142857142857,0.0,1016.8571428571428
2014-12-10,21.5,65.5,4.8625,1010.5
2014-12-11,19.625,70.5,3.25,1011.625
2014-12-12,17.5,65.625,0.4625,1014.375
2014-12-13,16.0,71.875,8.8,1016.125
2014-12-14,16.875,86.625,3.95,1014.5
2014-12-15,16.625,75.75,2.325,1016.125
2014-12-16,17.75,72.375,7.4250000000000025,1017.375
2014-12-17,12.875,72.125,6.4875,1020.25
2014-12-18,11.75,79.75,3.0125,1021.375
2014-12-19,11.75,81.75,0.4625,1022.125
2014-12-20,11.25,77.0,5.8000000000000025,1018.75
2014-12-21,9.5,79.125,0.925,1018.0
2014-12-22,9.375,85.0,1.3875000000000002,1017.125
2014-12-23,9.625,78.625,1.625,1017.875
2014-12-24,9.875,83.0,3.4750000000000005,1021.25
2014-12-25,9.25,81.125,8.100000000000001,1020.125
2014-12-26,10.75,77.0,7.6375,1017.75
2014-12-27,10.375,69.0,2.775,1018.625
2014-12-28,9.0,86.0,0.7,1019.75
2014-12-29,11.125,72.625,1.3875,1017.25
2014-12-30,11.625,70.625,2.55,1014.625
2014-12-31,12.375,67.125,2.7875,1016.875
2015-01-01,14.75,72.0,0.925,1017.5
2015-01-02,14.875,96.625,3.0125,1017.875
2015-01-03,15.125,92.0,0.925,1017.375
2015-01-04,14.125,78.75,9.5125,1019.625
2015-01-05,14.0,69.375,15.05,1016.0
2015-01-06,12.0,79.875,4.4,1015.5
2015-01-07,9.625,86.0,3.9375,1016.625
2015-01-08,10.0,87.875,3.4875,1019.125
2015-01-09,10.625,80.625,1.625,1020.125
2015-01-10,11.125,73.125,4.4125000000000005,1018.875
2015-01-11,11.0,80.75,4.8625,1019.125
2015-01-12,10.625,79.5,0.925,1019.5
2015-01-13,12.25,77.875,4.875,1017.125
2015-01-14,12.0,82.25,5.1000000000000005,1017.5
2015-01-15,12.375,79.125,0.925,1019.375
2015-01-16,13.0,78.125,4.6375,1019.25
2015-01-17,13.5,76.625,1.8625,1019.25
2015-01-18,13.0,73.875,2.5500000000000003,1018.75
2015-01-19,13.75,78.0,1.85,1018.875
2015-01-20,13.375,74.375,7.1875,1020.0
2015-01-21,13.25,73.375,3.7,1021.0
2015-01-22,12.625,94.125,3.2375,1020.625
2015-01-23,14.625,85.0,1.1625,1020.0
2015-01-24,12.375,86.25,9.7375,1020.75
2015-01-25,13.25,77.75,4.1625,1020.375
2015-01-26,13.75,88.125,0.925,1019.875
2015-01-27,13.25,74.25,5.3375,1019.3333333333336
2015-01-28,11.714285714285715,67.0,27.775,1018.25
2015-01-29,11.5,67.5,3.9375,1019.75
2015-01-30,12.75,56.125,12.0375,1020.375
2015-01-31,13.75,57.625,9.025,1017.875
2015-02-01,15.0,65.25,5.1000000000000005,1017.75
2015-02-02,17.375,63.875,11.8125,1017.5
2015-02-03,16.75,71.25,7.1750000000000025,1020.5
2015-02-04,14.625,81.125,9.25,1022.0
2015-02-05,14.625,62.875,7.399999999999999,1019.25
2015-02-06,15.125,62.625,3.0125,1019.0
2015-02-07,15.875,67.625,1.85,1017.0
2015-02-08,16.625,63.875,4.4125000000000005,1017.375
2015-02-09,16.875,63.5,5.55,1019.75
2015-02-10,15.75,64.0,4.625,1019.75
2015-02-11,16.0,66.625,1.85,1017.125
2015-02-12,15.5,69.625,6.025,1016.125
2015-02-13,17.25,59.0,6.725,1012.625
2015-02-14,19.375,63.125,4.1625,1009.625
2015-02-15,18.875,70.125,1.3875000000000002,1012.625
2015-02-16,20.625,71.25,10.425,1013.625
2015-02-17,21.142857142857142,72.57142857142857,5.0285714285714285,1011.8571428571428
2015-02-18,21.25,72.875,5.1000000000000005,1011.75
2015-02-19,22.75,73.5,7.65,1012.0
2015-02-20,22.75,67.125,7.187500000000001,1013.875
2015-02-21,21.875,63.5,11.3375,1014.125
2015-02-22,22.142857142857146,58.85714285714285,14.812499999999998,1013.375
2015-02-23,21.5,74.375,3.0250000000000004,1014.25
2015-02-24,22.875,72.375,6.0375,1010.625
2015-02-25,23.125,58.625,6.5,1008.5
2015-02-26,20.0,34.375,6.7125,1009.875
2015-02-27,19.25,43.125,5.8000000000000025,1013.0
2015-02-28,21.25,45.5,6.950000000000001,1013.0
2015-03-01,17.375,92.75,14.8125,1011.125
2015-03-02,17.5,89.875,6.725,1012.5
2015-03-03,16.25,82.5,5.5625,1013.75
2015-03-04,16.75,69.25,6.7125,1014.0
2015-03-05,18.75,64.0,3.7,1015.75
2015-03-06,20.0,62.375,5.0875,1016.375
2015-03-07,18.375,80.375,4.175,1013.7142857142856
2015-03-08,19.5,74.125,7.8875,1015.375
2015-03-09,18.125,54.25,12.2625,1021.0
2015-03-10,17.75,68.5,8.5625,1019.125
2015-03-11,18.25,69.875,6.025,1018.125
2015-03-12,20.5,63.375,5.325000000000001,1017.0
2015-03-13,21.375,65.25,4.175000000000002,1014.75
2015-03-14,21.5,64.625,7.875,1015.125
2015-03-15,17.625,89.125,11.575,1015.5
2015-03-16,19.857142857142858,81.85714285714286,8.5625,1017.375
2015-03-17,20.875,70.375,13.2,1015.875
2015-03-18,20.25,69.625,12.2625,1013.5
2015-03-19,21.125,66.0,5.3375,1014.875
2015-03-20,22.5,65.75,9.025,1014.875
2015-03-21,24.875,60.5,5.7875,1014.875
2015-03-22,25.125,64.0,10.2,1012.0
2015-03-23,24.75,65.75,7.6374999999999975,1010.0
2015-03-24,25.75,65.5,1.3875000000000002,1010.25
2015-03-25,26.625,65.625,2.55,1011.8571428571428
2015-03-26,28.5,54.375,9.2625,1013.0
2015-03-27,27.375,51.375,7.65,1012.0
2015-03-28,27.0,53.625,3.7125,1009.625
2015-03-29,25.0,52.75,13.1875,1008.625
2015-03-30,23.5,66.25,14.8125,1010.375
2015-03-31,25.25,64.875,3.7,1010.1428571428572
2015-04-01,26.42857142857143,59.714285714285715,6.7125,1007.5
2015-04-02,28.714285714285715,45.28571428571429,10.175,1004.625
2015-04-03,24.5,71.125,6.9625,1004.75
2015-04-04,21.0,77.5,1.3875000000000002,1005.25
2015-04-05,23.57142857142857,67.71428571428571,17.6,1007.75
2015-04-06,25.0,60.125,2.775,1007.75
2015-04-07,23.75,62.125,9.7375,1010.25
2015-04-08,25.625,50.375,6.712500000000001,1012.0
2015-04-09,26.0,52.875,9.0375,1010.5
2015-04-10,27.125,52.25,6.25,1008.5
2015-04-11,28.25,44.875,8.1,1008.375
2015-04-12,24.375,63.0,5.325,1012.375
2015-04-13,24.75,70.875,6.950000000000001,1013.75
2015-04-14,26.25,62.75,3.0125,1012.75
2015-04-15,27.625,59.25,5.7875000000000005,1012.875
2015-04-16,25.25,58.25,8.1125,1013.875
2015-04-17,28.125,48.75,8.3375,1007.125
2015-04-18,30.125,44.5,5.562500000000001,1002.375
2015-04-19,32.125,41.0,4.175,1003.875
2015-04-20,32.875,37.875,7.1875,1005.75
2015-04-21,31.75,28.5,11.1125,1005.625
2015-04-22,30.75,30.25,11.349999999999998,1003.125
2015-04-23,30.75,33.0,8.1,1004.0
2015-04-24,31.125,39.5,2.5500000000000003,1004.375
2015-04-25,30.5,43.125,12.975,1005.875
2015-04-26,28.75,51.125,15.7375,1008.0
2015-04-27,30.125,53.0,17.5875,1006.75
2015-04-28,31.0,48.25,12.5125,1004.5
2015-04-29,31.25,47.25,9.025,1005.0
2015-04-30,32.625,44.75,15.05,1004.0
2015-05-01,31.25,43.5,5.3375,1005.875
2015-05-02,30.125,40.25,4.4,1006.25
2015-05-03,31.0,39.25,3.0125,1006.625
2015-05-04,30.875,39.25,3.9375,1006.625
2015-05-05,32.125,31.125,7.649999999999999,1003.875
2015-05-06,34.125,22.0,11.3625,1001.875
2015-05-07,35.42857142857143,13.428571428571427,15.342857142857143,1003.5714285714287
2015-05-08,34.125,22.375,12.275,1003.25
2015-05-09,35.125,27.0,8.3375,1001.625
2015-05-10,35.125,25.0,6.9625,1001.375
2015-05-11,34.0,32.625,10.8875,1003.625
2015-05-12,33.125,46.0,6.0375000000000005,1004.875
2015-05-13,27.75,61.0,6.7125,1006.125
2015-05-14,29.625,49.625,4.4125,1007.25
2015-05-15,28.5,52.125,7.1750000000000025,1006.5
2015-05-16,30.0,51.625,4.1625,1003.25
2015-05-17,33.25,40.375,8.35,1001.125
2015-05-18,35.375,35.75,5.562500000000001,1000.0
2015-05-19,31.5,44.0,14.812500000000002,1002.125
2015-05-20,33.125,31.625,14.6,1002.0
2015-05-21,35.625,24.625,11.3375,1000.375
2015-05-22,36.25,19.5,12.5125,998.125
2015-05-23,37.375,21.75,12.725,996.125
2015-05-24,36.0,29.25,5.1000000000000005,997.375
2015-05-25,37.75,22.25,10.875,996.875
2015-05-26,35.25,26.625,17.125,1001.5
2015-05-27,33.75,20.5,6.7125,1001.25
2015-05-28,34.75,29.5,8.3375,1000.625
2015-05-29,35.125,27.25,8.125,1001.625
2015-05-30,32.25,38.75,12.2625,1003.875
2015-05-31,34.25,25.0,14.5875,1001.75
2015-06-01,29.375,41.75,12.5125,1003.25
2015-06-02,31.625,39.25,8.575,1003.5
2015-06-03,28.625,50.5,6.7250000000000005,1004.625
2015-06-04,31.875,48.375,4.8625,1004.0
2015-06-05,32.625,39.875,6.0125,1003.5
2015-06-06,33.375,39.75,7.8625000000000025,1001.375
2015-06-07,35.0,36.25,7.1750000000000025,999.25
2015-06-08,36.5,33.0,6.25,998.875
2015-06-09,37.625,23.875,18.75,998.875
2015-06-10,36.625,32.285714285714285,18.05,999.625
2015-06-11,35.625,34.75,18.2875,1000.0
2015-06-12,35.875,34.625,12.7375,998.5
2015-06-13,31.125,48.125,10.1875,998.8571428571428
2015-06-14,27.0,77.625,3.95,1000.2857142857144
2015-06-15,31.0,60.75,3.0125,999.5714285714287
2015-06-16,32.375,52.125,2.7875,999.1428571428572
2015-06-17,33.875,49.75,3.25,998.0
2015-06-18,35.125,45.125,3.0125,997.625
2015-06-19,35.875,46.75,8.575,996.25
2015-06-20,33.125,48.5,12.975,997.875
2015-06-21,30.375,63.625,8.1125,998.125
2015-06-22,32.125,59.5,4.4,995.625
2015-06-23,31.5,61.625,6.012500000000001,995.0
2015-06-24,37.25,63.875,6.5,995.375
2015-06-25,26.625,82.75,6.2625,994.75
2015-06-26,31.125,54.25,11.5625,995.25
2015-06-27,32.625,48.25,14.1125,997.125
2015-06-28,34.25,47.5,9.0375,1000.2857142857144
2015-06-29,31.125,56.625,11.562500000000002,1003.625
2015-06-30,30.875,58.625,9.9625,1002.625
2015-07-01,32.0,53.25,4.175000000000002,1001.875
2015-07-02,33.75,45.875,6.9499999999999975,1001.125
2015-07-03,33.0,49.0,14.35,999.625
2015-07-04,34.125,51.5,16.900000000000002,997.5
2015-07-05,35.714285714285715,47.28571428571429,14.014285714285714,995.4285714285713
2015-07-06,27.875,83.25,9.275,997.875
2015-07-07,28.125,86.125,1.85,998.125
2015-07-08,31.25,72.0,2.7750000000000004,998.625
2015-07-09,29.625,77.25,2.55,998.625
2015-07-10,26.625,92.125,6.025,998.75
2015-07-11,25.5,98.0,3.2375000000000003,999.3333333333336
2015-07-12,25.5,94.75,7.4250000000000025,998.625
2015-07-13,29.875,73.125,4.8625,1000.625
2015-07-14,30.875,67.875,10.875,997.8571428571428
2015-07-15,33.375,52.875,17.137500000000006,993.75
2015-07-16,31.75,61.375,13.437499999999998,994.75
2015-07-17,30.75,75.625,4.4,997.25
2015-07-18,29.5,78.875,4.175,998.0
2015-07-19,30.125,70.0,0.7,997.625
2015-07-20,29.125,78.0,4.8625,999.125
2015-07-21,31.375,69.25,8.125,1000.0
2015-07-22,32.25,64.125,7.875000000000003,1001.125
2015-07-23,32.125,64.875,8.575000000000001,1001.75
2015-07-24,32.0,64.75,6.7125,1001.0
2015-07-25,30.857142857142854,71.0,19.9125,998.5714285714287
2015-07-26,30.0,71.625,16.8875,998.875
2015-07-27,29.625,69.0,11.3375,1000.2857142857144
2015-07-28,29.5,61.0,11.5875,1000.125
2015-07-29,28.5,68.125,10.875,998.0
2015-07-30,29.0,67.75,9.9625,998.875
2015-07-31,29.0,71.0,4.175000000000002,999.75
2015-08-01,28.25,71.75,0.925,1002.75
2015-08-02,29.625,69.5,2.55,1003.625
2015-08-03,31.5,58.625,5.325,1001.875
2015-08-04,29.42857142857143,77.78571428571429,4.771428571428572,1000.0714285714287
2015-08-05,29.59375,79.65625,8.221875,1000.28125
2015-08-06,29.5,79.125,3.0250000000000004,998.0
2015-08-07,29.25,83.0,2.3125,1000.0
2015-08-08,28.875,84.875,1.625,1002.0
2015-08-09,27.375,90.125,3.0125,1000.25
2015-08-10,30.375,77.0,0.0,1000.0
2015-08-11,28.375,86.625,0.4625,1003.0
2015-08-12,30.75,74.25,0.0,1003.125
2015-08-13,32.0,69.5,0.4625,1001.875
2015-08-14,30.875,72.625,3.475,1002.0
2015-08-15,28.5,85.5,0.0,1002.75
2015-08-16,28.625,82.625,1.85,1002.875
2015-08-17,30.75,72.625,0.7,1001.375
2015-08-18,29.125,72.875,4.875,1002.5714285714287
2015-08-19,31.25,61.25,33.325,1002.375
2015-08-20,30.75,58.625,14.6,1001.375
2015-08-21,29.375,72.0,8.575,1002.0
2015-08-22,30.25,65.375,5.8000000000000025,1000.875
2015-08-23,29.875,69.375,5.5625,1000.8571428571428
2015-08-24,30.75,65.625,7.1875,1001.75
2015-08-25,32.0,57.28571428571429,10.071428571428571,1001.0
2015-08-26,32.0,61.0,4.862500000000002,1001.125
2015-08-27,32.5,61.0,5.325000000000001,1002.0
2015-08-28,32.0,63.5,2.3125,1002.25
2015-08-29,32.25,58.0,5.812500000000001,1001.375
2015-08-30,32.625,56.5,9.275,1001.375
2015-08-31,31.857142857142854,54.42857142857143,13.485714285714286,1001.8333333333336
2015-09-01,32.125,47.625,15.275,1000.8571428571428
2015-09-02,31.875,45.625,12.7375,1001.75
2015-09-03,31.625,49.125,10.1875,1005.5
2015-09-04,32.0,42.625,11.35,1007.875
2015-09-05,30.875,47.25,7.6374999999999975,1007.125
2015-09-06,31.25,41.8,7.6375,1006.25
2015-09-07,31.5,46.375,9.4875,1005.75
2015-09-08,31.625,47.0,11.8125,1005.5
2015-09-09,31.0,47.875,10.1875,1005.625
2015-09-10,31.25,46.5,8.575000000000001,1006.75
2015-09-11,30.75,49.75,6.0124999999999975,1006.25
2015-09-12,32.142857142857146,54.42857142857143,3.171428571428572,1006.0
2015-09-13,32.125,55.25,1.3875000000000002,1005.875
2015-09-14,31.875,54.375,2.55,1003.625
2015-09-15,33.0,55.0,0.4625,1003.25
2015-09-16,32.375,55.0,1.4,1003.625
2015-09-17,31.375,58.375,1.1625,1004.375
2015-09-18,31.0,67.625,7.4125,1005.125
2015-09-19,30.625,74.25,2.0875000000000004,1003.625
2015-09-20,29.142857142857146,69.14285714285714,5.557142857142859,1002.8571428571428
2015-09-21,30.125,64.5,5.8000000000000025,1002.5
2015-09-22,30.25,64.375,10.187499999999998,1002.5
2015-09-23,28.625,61.25,13.675,1006.375
2015-09-24,28.25,52.375,11.575,1004.625
2015-09-25,28.5,49.375,8.575,1003.75
2015-09-26,29.25,53.5,6.25,1005.25
2015-09-27,28.714285714285715,58.14285714285714,2.9142857142857146,1007.0
2015-09-28,28.25,58.5,3.9375,1009.0
2015-09-29,29.0,54.57142857142857,9.528571428571428,1010.5714285714287
2015-09-30,29.0,46.875,8.3375,1011.375
2015-10-01,28.125,51.25,5.5749999999999975,1012.0
2015-10-02,28.285714285714285,53.714285714285715,14.5875,1010.75
2015-10-03,30.0,52.33333333333334,18.785714285714285,1008.7142857142856
2015-10-04,29.0,54.375,3.0250000000000004,1008.125
2015-10-05,28.875,59.375,1.3875000000000002,1009.25
2015-10-06,28.375,61.125,4.6375,1009.0
2015-10-07,28.625,65.75,6.4750000000000005,1009.125
2015-10-08,28.375,65.125,4.4125000000000005,1007.5
2015-10-09,28.5,59.75,6.025,1004.25
2015-10-10,28.5,54.625,6.7125,1005.0
2015-10-11,28.57142857142857,51.57142857142857,6.885714285714287,1008.7142857142856
2015-10-12,29.25,54.125,3.25,1010.0
2015-10-13,29.5,62.875,3.725000000000001,1011.0
2015-10-14,28.125,63.625,4.875000000000001,1013.25
2015-10-15,27.5,66.0,0.4625,1013.5
2015-10-16,27.875,62.625,0.925,1013.5
2015-10-17,28.0,63.75,3.7125,1012.25
2015-10-18,26.857142857142854,71.71428571428571,11.1125,1013.125
2015-10-19,28.142857142857146,66.28571428571429,3.4571428571428577,1011.7142857142856
2015-10-20,27.714285714285715,64.85714285714286,2.9142857142857146,1009.8571428571428
2015-10-21,26.5,62.125,2.0875,1011.875
2015-10-22,24.75,56.0,4.4,1012.25
2015-10-23,24.0,51.625,4.862500000000002,1011.875
2015-10-24,24.875,53.25,1.4,1011.625
2015-10-25,26.375,47.125,5.575,1012.75
2015-10-26,25.625,52.125,5.5749999999999975,1014.875
2015-10-27,24.75,54.25,3.475,1013.875
2015-10-28,20.875,57.25,7.875000000000001,1015.875
2015-10-29,22.125,63.5,1.85,1016.875
2015-10-30,22.375,67.25,1.625,1016.375
2015-10-31,22.375,69.375,1.1625,1016.125
2015-11-01,22.875,70.5,0.925,1016.25
2015-11-02,23.375,71.375,0.4625,1015.875
2015-11-03,24.0,67.875,0.475,1014.25
2015-11-04,23.75,69.0,0.925,1012.25
2015-11-05,22.125,75.25,5.100000000000001,1012.375
2015-11-06,22.875,74.375,2.325,1012.75
2015-11-07,21.875,74.875,1.1625,1014.625
2015-11-08,21.875,70.25,1.8625,1015.875
2015-11-09,21.75,73.625,0.7,1015.0
2015-11-10,22.75,72.625,0.7,1013.5
2015-11-11,21.875,59.5,4.6375,1014.375
2015-11-12,21.875,60.5,5.7875,1015.375
2015-11-13,22.375,59.375,5.325,1014.875
2015-11-14,22.375,59.625,3.475,1012.0
2015-11-15,22.5,62.0,0.0,1012.0
2015-11-16,21.875,50.375,2.7875,1012.625
2015-11-17,19.875,48.375,5.1000000000000005,1013.5
2015-11-18,18.5,57.625,4.4,1016.375
2015-11-19,18.5,64.75,0.925,1017.5
2015-11-20,18.5,66.0,0.4625,1016.125
2015-11-21,18.75,67.625,1.3875000000000002,1015.5
2015-11-22,18.625,64.875,0.4625,1015.125
2015-11-23,17.0,73.5,0.0,1015.875
2015-11-24,18.5,63.0,1.625,1016.0
2015-11-25,19.375,56.375,5.7875000000000005,1014.75
2015-11-26,20.0,59.5,0.925,1012.75
2015-11-27,18.5,66.25,2.55,1011.25
2015-11-28,18.75,82.125,1.1625,1015.375
2015-11-29,18.125,81.25,1.1625,1018.0
2015-11-30,19.5,82.375,0.925,1016.75
2015-12-01,19.25,78.75,1.625,1014.75
2015-12-02,18.125,72.125,2.0875,1016.125
2015-12-03,17.625,70.25,7.1875,1016.0
2015-12-04,17.625,67.5,4.6375,1015.0
2015-12-05,17.5,72.375,0.925,1015.875
2015-12-06,17.125,75.875,1.4,1016.5
2015-12-07,17.625,76.875,2.3125,1017.25
2015-12-08,18.428571428571427,71.28571428571429,1.0571428571428572,1015.7142857142856
2015-12-09,18.375,78.125,3.475,1015.25
2015-12-10,19.0,77.25,2.0875000000000004,1011.75
2015-12-11,17.25,77.875,5.1000000000000005,1011.375
2015-12-12,13.25,91.0,4.4,1014.25
2015-12-13,12.875,67.0,3.475,1016.5
2015-12-14,13.25,63.625,7.400000000000001,1017.0
2015-12-15,13.125,63.875,5.325,1016.5
2015-12-16,13.0,65.5,1.1625,1016.375
2015-12-17,12.25,73.625,0.925,1016.875
2015-12-18,12.875,71.25,4.4,1018.625
2015-12-19,12.375,71.875,3.4875,1019.0
2015-12-20,11.75,70.25,1.1625,1018.5
2015-12-21,12.625,74.75,1.3875000000000002,1018.875
2015-12-22,12.0,79.875,0.7,1020.875
2015-12-23,12.5,81.375,3.4875000000000003,1020.625
2015-12-24,11.25,68.625,6.025,1021.25
2015-12-25,11.5,66.125,5.5625,1022.0
2015-12-26,12.75,64.5,6.4875,1021.125
2015-12-27,15.375,63.25,7.8875,1020.625
2015-12-28,17.125,58.125,10.8875,1020.875
2015-12-29,16.375,65.0,7.4125,1018.125
2015-12-30,15.5,71.75,2.1,1017.5
2015-12-31,15.0,71.375,2.0875,1020.5
2016-01-01,,72.28571428571429,1.0571428571428572,1021.1428571428572
2016-01-02,,75.875,2.0875,1021.0
2016-01-03,,74.75,5.112500000000002,1018.5
2016-01-04,,77.125,0.0,1017.625
2016-01-05,,88.83333333333331,0.6166666666666667,1017.0
2016-01-06,,81.625,2.3125,1016.5
2016-01-07,,87.0,0.0,1018.125
2016-01-08,,83.25,7.887500000000001,1017.25
2016-01-09,,65.14285714285714,8.471428571428572,1015.4285714285713
2016-01-10,,74.375,2.775,1017.5
2016-01-11,,74.875,1.625,1017.5
2016-01-12,,69.6875,6.03125,1014.9375
2016-01-13,,75.8,5.08,1014.3333333333336
2016-01-14,,80.4375,4.300000000000002,1016.125
2016-01-15,,84.1875,10.775,1017.0
2016-01-16,,80.06666666666666,11.239999999999998,1014.6
2016-01-17,,77.66666666666667,2.1066666666666665,1016.2
2016-01-18,,80.46666666666667,1.4800000000000002,1014.7333333333332
2016-01-19,,88.57142857142857,4.65,1015.2857142857144
2016-01-20,,84.2,6.1933333333333325,1018.6666666666664
2016-01-21,,73.1875,7.887499999999997,1020.1875
2016-01-22,,83.4,3.586666666666667,1019.4666666666667
2016-01-23,,75.875,3.2500000000000004,1019.8125
2016-01-24,,86.25,6.624999999999999,1019.0625
2016-01-25,,75.4,4.58,1017.2
2016-01-26,,79.6875,2.5500000000000003,1015.375
2016-01-27,,69.16666666666667,4.025,1014.1666666666664
2016-01-28,,69.35714285714286,5.0285714285714285,1015.0714285714287
2016-01-29,,70.625,2.54375,1017.375
2016-01-30,,78.5,1.2,1014.5
2016-01-31,,78.25,7.762500000000001,1016.0
2016-02-01,,65.76923076923077,7.269230769230767,1017.1538461538464
2016-02-02,,55.86666666666667,8.893333333333333,1018.2
2016-02-03,,66.5,7.622222222222222,1018.0
2016-02-04,,53.0,6.941666666666666,1017.3333333333336
2016-02-05,,70.66666666666667,2.1666666666666665,1016.8333333333336
2016-02-06,,69.5,3.7,1013.3333333333336
2016-02-07,,77.0,2.7875,1015.75
2016-02-08,,67.18181818181819,5.9,1017.0909090909092
2016-02-09,,67.46153846153847,5.8461538461538485,1014.6923076923076
2016-02-10,,64.86666666666666,2.1,1012.7333333333332
2016-02-11,,54.75,6.03125,1011.25
2016-02-12,,57.86666666666667,0.7466666666666666,1012.5333333333333
2016-02-13,,62.13333333333333,5.8066666666666675,1014.8666666666667
2016-02-14,,61.92857142857143,8.071428571428571,1017.2142857142856
2016-02-15,,59.53333333333333,5.94,1018.7333333333332
2016-02-16,,56.14285714285714,5.435714285714285,1020.0714285714287
2016-02-17,,59.28571428571429,3.7071428571428577,1019.1428571428572
2016-02-18,,76.0,5.1866666666666665,1017.4
2016-02-19,,70.23076923076923,4.1461538461538465,1014.6153846153846
2016-02-20,,73.125,11.11875,1014.125
2016-02-21,,61.125,17.137500000000006,1014.75
2016-02-22,,51.42857142857143,15.207142857142859,1014.4285714285713
2016-02-23,,50.64285714285714,9.785714285714286,1012.5
2016-02-24,,58.0625,2.4437500000000005,1012.9375
2016-02-25,,57.5,5.3375,1015.5
2016-02-26,,55.6,2.48,1018.4
2016-02-27,,59.0,3.333333333333334,1018.4666666666667
2016-02-28,,63.0625,3.712500000000001,1018.9375
2016-02-29,,63.9375,3.712500000000001,1018.625
